b2,SiO2,CaO
1.6444000000000003,12.383857507963711,8.663770623150358
